bytes,content-type,elapsed,endpoint,resource,status,entry-date,start-date,end-date
23757,application/vnd.ms-excel,0.399,091d167efbcfaf8dac1461915dafc485344fa67890db984f63e9d70cdc49a71e,a46917222774dece27bf9999f2071ecbc613561f57ddb8cded7909e908a81929,200,2021-02-11T15:55:50.671961,,
22363,text/csv,0.189,0a9a3c4904e8eb53d4e6dc90ab208b93209c930e3a1ef2d3ed9f903c3ef7f482,92ae717dcd6c033d29a06ff49c2b21c420093168779a6a1a6a26a5ba3adbcada,200,2021-02-11T15:55:50.671961,,
2684,text/csv,0.061,0f37f19b0d3d5eb42ddb18862639cf23cf1456963ab264a37710b8ebb0c8526e,3b2b2840f5d22b045794f23e9b9c4bda1571217fb5aad71e22a4f44a0ff2d20b,200,2021-02-11T15:55:50.671961,,
11861,text/html; charset=utf-8,0.703,149717df07e34cc9c63a17bd78c12752d7d67d606413d8dc232c86958b814218,,200,2021-02-11T15:55:50.671961,,
7490,text/html; charset=utf-8,0.101,1f308e57f0b323eab3a7525fd33a92974ab6b4916b68e2d04472b40aaba32456,,200,2021-02-11T15:55:50.671961,,
1208,text/html,0.018,226e672cfb5e9baebef7d6a0a16e30a61e09a18d6f6d4a2dac1afd81e811697c,,500,2021-02-11T15:55:50.671961,,
,,0.001,23700b00504d0ebbd20d642feb6c18a8168192ef932060ac148c612ae385a8e0,,,2021-02-11T15:55:50.671961,,
12887,application/vnd.openxmlformats-officedocument.spreadsheetml.sheet,0.083,2398916e652311c83f7d73136018b4c67eba0d5b02bc26289822daf7511a084c,f45e4d90d15d43a7b3315dbbe1400614d10a5074fde2c158a085abe728cfa478,200,2021-02-11T15:55:50.671961,,
1829,application/octet-stream,0.043,23edc40c94663cc5c9870d29874115735a5ffae8f111ae3741692452b5a422a7,f9edd1a18f643a763435bd801a7e5a7f9a7ba3abc4889fdab54e58c751f19528,200,2021-02-11T15:55:50.671961,,
3098,application/octet-stream,0.092,2949face1bcd597baade64dbc4dcda33805a4ea2b8b89105d298013932f2be3d,9a85055294c6d5217adf020b1d07ae91d7fe0e121f2bd95e090b91684d93a7c0,200,2021-02-11T15:55:50.671961,,
7044,text/html; charset=UTF-8,0.224,2aa7e57f2a595bb27b823b36a2c1ee29152c4540141e4e9d6c792d54c3079c36,,200,2021-02-11T15:55:50.671961,,
9205,text/csv,0.378,3992959d38f1c2642f75c91bbbad68c992a065ec50e02ba690ac8f4b711a8269,d5c7e4f72604f412c93621c00f39247efef6028a7ecb485fa44fdc1b76d37510,200,2021-02-11T15:55:50.671961,,
492,application/x-zip-compressed,0.138,455a640f3c8e3f305cf00b4d8c7d89d87e7878badee030c3d96fe2771a1c777b,39993d6037d10b5798f09cd74eed58ca6536808bab6c398748928bd876e26a54,200,2021-02-11T15:55:50.671961,,
12008,text/html; charset=utf-8,0.377,52c259b262aa472edca3845edd65973a10adb5378e2060b6b5257ef3cba091d5,,200,2021-02-11T15:55:50.671961,,
215,application/xml,0.136,5fcc24c20580a5ad333bd285630ab5da984a5aa176e94e2a02eee8168323634b,,404,2021-02-11T15:55:50.671961,,
1420,application/octet-stream,0.123,675f65fd59ba990515e78f92aaf5394fa9442c2a6af1e4f99882ff953279f474,09a29f9bc4cfed659c732f5ce2a7595ac827606a48862f4c8c8897d109be2ef9,200,2021-02-11T15:55:50.671961,,
1877,text/csv,0.14,6be19907e749ccaecea92d9a0819172bc0892b60d8ff2eedfa7adeb70486172e,0042ac514ca21114b3c9ddeba39da153305ecc63bacc9795af60cbcf833c1920,200,2021-02-11T15:55:50.671961,,
,,0.166,6fb30c974f37f266c3947079dd9c3eb60c0cb1eaa550c4a27b1ea2886efd6a6a,fbd716804eda0c8d0474ba966e38a32359dc716f2cbc6d828775c6054a69c980,200,2021-02-11T15:55:50.671961,,
11866,application/octet-stream,0.059,705d90de8c2841af9a725e0e4c0d39166d169e45497d895e04293821d07b2bc1,954f1388c7fc19d02fbad76bb98a7e9c57379b95c0b3bdf4e0cf854129cf839f,200,2021-02-11T15:55:50.671961,,
2512,text/csv,0.103,7892a892e59ddef72c0a9e19d8262cafb5333486c1298426e06e0d61416681d2,ccf1710214131d07fdbcbda95b640a80578f09377f39f78959938cd8b2ac4ad6,200,2021-02-11T15:55:50.671961,,
6738,application/octet-stream,0.092,81ef832cefb3916bd499780103bea2953b1575b6949a8b6488b59c8fa3b00002,559bb03b6dd944251f80beca84343e5a78453745d860cb21b239eea57626f7b9,200,2021-02-11T15:55:50.671961,,
2712,application/vnd.ms-excel,0.095,910e422ddd3431a329371268bfcade444c7f56188295f21b36fe5fb67b17032d,e029cb76cbe7feac0697ba07b8e2a25b00c05cf3919da4c4f72b4d8670104f17,200,2021-02-11T15:55:50.671961,,
6390,application/octet-stream,0.19,92c6e28bf2b1867dbffcfbf86ed9b47d1a179b85673059b9187d9344ef7ea55d,b7ded02f8c74e329c9e349963b45dcdf864ff218b7836472d80ce5bb85b88f4c,200,2021-02-11T15:55:50.671961,,
3246,application/octet-stream,0.134,9433a80b62706e6d39bb1145f9452dc818594dcd061948dd7437b07d7ad7fe37,3a60c2546d08242f531946e2001f0b654354131e67b09cdad871b66b71ef6847,200,2021-02-11T15:55:50.671961,,
9291,application/octet-stream,0.162,98ba431e657f89a7ab7d4994348e09c9d4b55619ab7c9525fd6f7e13c3d915ca,4df67ee29395ec1d8c5e5cbf1fef94636010668ecab77fdfa2b809188454a9a2,200,2021-02-11T15:55:50.671961,,
12759,application/vnd.openxmlformats-officedocument.spreadsheetml.sheet,0.106,9926ea3636ef34f766224941b63f631c1b69650a90c74168770317910c128564,a2fa62f0aa7f2a1ad3801ae465e433084e123920163a446eb19e3380c4052841,200,2021-02-11T15:55:50.671961,,
,application/octet-stream,0.137,9cf25b31ee020112f85ff40c12b03e96e0cdac1ca8976dfd1da92ccd7d9dd8eb,7eb2986bedd11e2b6d4985c25ed8f9528bd02ba431124cc6a69bf003bf0714a4,200,2021-02-11T15:55:50.671961,,
3532,application/vnd.ms-excel,0.167,9e811475516670a7f1da1c46472219a07e6ef387d183d49d52bbb43fcc0b2811,937e118d13655fc9c1c8dea2f307e9bdf6cd8f88e0793151f815b1c32e4ec826,200,2021-02-11T15:55:50.671961,,
1148,application/octet-stream,0.168,9f4b02fe50875efa7ed82f5205a36b98b81d66310d5ffb3987f64fe6155ed83b,bafb0a5bf75d8fc7257c8014121791f7c938e97c8b140ab0da4186581ac2b063,200,2021-02-11T15:55:50.671961,,
361,text/csv,0.157,afa0b3273bbb7e19c233af9c5dd16bbcbf4091ba69e1909e5a840e3586668f0b,4625debf30f73d5156252ce9f03a89ea60296c2578e910074aa62e26fa09057c,200,2021-02-11T15:55:50.671961,,
13175,application/vnd.ms-excel,0.207,b15edd86367e6636e0f485d4a7d538ab0512dad67b7eb1505854177d2f67a150,e8c140ee7c69173f6e6de8cb2c2fad5beb340203e435de93a485bcf548161986,200,2021-02-11T15:55:50.671961,,
6938,application/octet-stream,0.131,b16799e75361adc05a0b40f03e449374fea1c5532ec2d048aad99b33e26a6e34,c2b0b13e441a27f3e841349cede5bd015a034a95f26ecf23ced0c41df93ccd73,200,2021-02-11T15:55:50.671961,,
1958,text/csv,0.021,b3fd56e66f51e1b601085e3db5a6735cde5fe19cb5bfe4ff59937a04b547b764,246652df4c3637f7d3e7b73ee7af6299e6a8c7f3a40ddedd6dd1cac48265f6e0,200,2021-02-11T15:55:50.671961,,
12947,text/csv,0.305,b5e608b9364ce909230c24e4a3230c04bb0fb094a07c4879fcfd9c38a6a05e60,969c98b4e9472b0e945e96b62d03b1e99d137b57840140b1a745fbf9a8b74647,200,2021-02-11T15:55:50.671961,,
1813,application/octet-stream,0.071,baf92f29405c1a04cfb25818fa531d05b29ece1000067f5fee9e855e0969cc24,f837fdb379cdd6086be9d2b006cef4bdfb9f41ac65a0810cd8293499a135ebcf,200,2021-02-11T15:55:50.671961,,
385,text/csv,0.099,bc0800197b172da0af614ad9953ccffd120fd871ce7c3a92bab785f6769ab1dd,0e4e4920dae85cfbc313362b9e39b11572f165d113d949ec87d7024a5d60e881,200,2021-02-11T15:55:50.671961,,
360,text/csv,0.077,cd53aa90239d7fab29538bd27572a14ef5d617b08f5eb02f5bd4d07c787baa5b,8e763b1d86d8220c90959f43385fb89c0d66116eb817d8ea41ec4e8a01ad4211,200,2021-02-11T15:55:50.671961,,
2591,text/csv,0.16,ce072807557931174a3d22121fd8ac962008181474e5e98d67ac015c624d74ae,5271fcd3ee120860e43f9384540f0b571450a9a309312b6e2e94931757a3bb6f,200,2021-02-11T15:55:50.671961,,
3493,application/octet-stream,0.176,d0574d7dbacb8f5e91be8f7185f815a10b6d55f02491282b95784969ace63330,94926165e72223677e23186759d278b629615bfd8db0d9e65f3aeeea2b5766fd,200,2021-02-11T15:55:50.671961,,
2854,application/octet-stream,0.202,d4a0f3d0aca376b252ee34333f42c335a97c158c79278ecceb82a7da1b21979d,48fb3137be30ce173c3869f9f0278ae5a29d1b72266ce035f4e80e4739d0131a,200,2021-02-11T15:55:50.671961,,
661,application/x-zip-compressed,0.243,dcd79627acc9f6a449fb6f9dd65823bc8556e68183ec85940c46c8024dd62cf6,e9c4e3e55c016bb0c2ea0b64304f70499ea50ed6411fe5773eede0f944e62c86,200,2021-02-11T15:55:50.671961,,
2840,text/csv,0.053,e38bfe46143d42ec996fbe99add19c7ed136f2dee12c192edbc85b2211f8ce73,5e2052d196ae7f56a4bc691f63a64aad10ed6cd49e27a0d14921de30ded8f306,200,2021-02-11T15:55:50.671961,,
1208,text/html,0.181,f6a7bfb6ddfe1402e7367bc4f536d0c67e6293eddfe800cbaed76cab92b99479,,500,2021-02-11T15:55:50.671961,,
2652,application/vnd.ms-excel,0.147,f6f0f76c3e0c963b8899b552fae0ec4ee8c1c8119210faa10f238dc2bbdf08b9,31e233319b082fed11b3e2336c51d757a8a121ac7c6caf8a97f3cbe8ee411a76,200,2021-02-11T15:55:50.671961,,
23757,application/vnd.ms-excel,0.861,091d167efbcfaf8dac1461915dafc485344fa67890db984f63e9d70cdc49a71e,a46917222774dece27bf9999f2071ecbc613561f57ddb8cded7909e908a81929,200,2021-02-15T10:03:23.024335,,
22363,text/csv,6.89,0a9a3c4904e8eb53d4e6dc90ab208b93209c930e3a1ef2d3ed9f903c3ef7f482,92ae717dcd6c033d29a06ff49c2b21c420093168779a6a1a6a26a5ba3adbcada,200,2021-02-15T10:03:23.024335,,
2684,text/csv,0.644,0f37f19b0d3d5eb42ddb18862639cf23cf1456963ab264a37710b8ebb0c8526e,3b2b2840f5d22b045794f23e9b9c4bda1571217fb5aad71e22a4f44a0ff2d20b,200,2021-02-15T10:03:23.024335,,
11840,text/html; charset=utf-8,0.868,149717df07e34cc9c63a17bd78c12752d7d67d606413d8dc232c86958b814218,,200,2021-02-15T10:03:23.024335,,
7489,text/html; charset=utf-8,0.565,1f308e57f0b323eab3a7525fd33a92974ab6b4916b68e2d04472b40aaba32456,,200,2021-02-15T10:03:23.024335,,
1208,text/html,0.088,226e672cfb5e9baebef7d6a0a16e30a61e09a18d6f6d4a2dac1afd81e811697c,,500,2021-02-15T10:03:23.024335,,
,,0.0,23700b00504d0ebbd20d642feb6c18a8168192ef932060ac148c612ae385a8e0,,,2021-02-15T10:03:23.024335,,
12887,application/vnd.openxmlformats-officedocument.spreadsheetml.sheet,2.226,2398916e652311c83f7d73136018b4c67eba0d5b02bc26289822daf7511a084c,f45e4d90d15d43a7b3315dbbe1400614d10a5074fde2c158a085abe728cfa478,200,2021-02-15T10:03:23.024335,,
1829,application/octet-stream,0.349,23edc40c94663cc5c9870d29874115735a5ffae8f111ae3741692452b5a422a7,f9edd1a18f643a763435bd801a7e5a7f9a7ba3abc4889fdab54e58c751f19528,200,2021-02-15T10:03:23.024335,,
3098,application/octet-stream,0.886,2949face1bcd597baade64dbc4dcda33805a4ea2b8b89105d298013932f2be3d,9a85055294c6d5217adf020b1d07ae91d7fe0e121f2bd95e090b91684d93a7c0,200,2021-02-15T10:03:23.024335,,
7044,text/html; charset=UTF-8,0.92,2aa7e57f2a595bb27b823b36a2c1ee29152c4540141e4e9d6c792d54c3079c36,,200,2021-02-15T10:03:23.024335,,
9205,text/csv,0.644,3992959d38f1c2642f75c91bbbad68c992a065ec50e02ba690ac8f4b711a8269,d5c7e4f72604f412c93621c00f39247efef6028a7ecb485fa44fdc1b76d37510,200,2021-02-15T10:03:23.024335,,
492,application/x-zip-compressed,1.715,455a640f3c8e3f305cf00b4d8c7d89d87e7878badee030c3d96fe2771a1c777b,39993d6037d10b5798f09cd74eed58ca6536808bab6c398748928bd876e26a54,200,2021-02-15T10:03:23.024335,,
12004,text/html; charset=utf-8,0.843,52c259b262aa472edca3845edd65973a10adb5378e2060b6b5257ef3cba091d5,,200,2021-02-15T10:03:23.024335,,
215,application/xml,0.424,5fcc24c20580a5ad333bd285630ab5da984a5aa176e94e2a02eee8168323634b,,404,2021-02-15T10:03:23.024335,,
1420,application/octet-stream,0.395,675f65fd59ba990515e78f92aaf5394fa9442c2a6af1e4f99882ff953279f474,09a29f9bc4cfed659c732f5ce2a7595ac827606a48862f4c8c8897d109be2ef9,200,2021-02-15T10:03:23.024335,,
1877,text/csv,0.658,6be19907e749ccaecea92d9a0819172bc0892b60d8ff2eedfa7adeb70486172e,0042ac514ca21114b3c9ddeba39da153305ecc63bacc9795af60cbcf833c1920,200,2021-02-15T10:03:23.024335,,
,,0.967,6fb30c974f37f266c3947079dd9c3eb60c0cb1eaa550c4a27b1ea2886efd6a6a,fbd716804eda0c8d0474ba966e38a32359dc716f2cbc6d828775c6054a69c980,200,2021-02-15T10:03:23.024335,,
11866,application/octet-stream,0.562,705d90de8c2841af9a725e0e4c0d39166d169e45497d895e04293821d07b2bc1,954f1388c7fc19d02fbad76bb98a7e9c57379b95c0b3bdf4e0cf854129cf839f,200,2021-02-15T10:03:23.024335,,
2512,text/csv,0.673,7892a892e59ddef72c0a9e19d8262cafb5333486c1298426e06e0d61416681d2,ccf1710214131d07fdbcbda95b640a80578f09377f39f78959938cd8b2ac4ad6,200,2021-02-15T10:03:23.024335,,
6738,application/octet-stream,0.416,81ef832cefb3916bd499780103bea2953b1575b6949a8b6488b59c8fa3b00002,559bb03b6dd944251f80beca84343e5a78453745d860cb21b239eea57626f7b9,200,2021-02-15T10:03:23.024335,,
2712,application/vnd.ms-excel,0.447,910e422ddd3431a329371268bfcade444c7f56188295f21b36fe5fb67b17032d,e029cb76cbe7feac0697ba07b8e2a25b00c05cf3919da4c4f72b4d8670104f17,200,2021-02-15T10:03:23.024335,,
6390,application/octet-stream,0.693,92c6e28bf2b1867dbffcfbf86ed9b47d1a179b85673059b9187d9344ef7ea55d,b7ded02f8c74e329c9e349963b45dcdf864ff218b7836472d80ce5bb85b88f4c,200,2021-02-15T10:03:23.024335,,
3246,application/octet-stream,0.811,9433a80b62706e6d39bb1145f9452dc818594dcd061948dd7437b07d7ad7fe37,3a60c2546d08242f531946e2001f0b654354131e67b09cdad871b66b71ef6847,200,2021-02-15T10:03:23.024335,,
9291,application/octet-stream,0.587,98ba431e657f89a7ab7d4994348e09c9d4b55619ab7c9525fd6f7e13c3d915ca,4df67ee29395ec1d8c5e5cbf1fef94636010668ecab77fdfa2b809188454a9a2,200,2021-02-15T10:03:23.024335,,
12759,application/vnd.openxmlformats-officedocument.spreadsheetml.sheet,0.728,9926ea3636ef34f766224941b63f631c1b69650a90c74168770317910c128564,a2fa62f0aa7f2a1ad3801ae465e433084e123920163a446eb19e3380c4052841,200,2021-02-15T10:03:23.024335,,
,application/octet-stream,0.393,9cf25b31ee020112f85ff40c12b03e96e0cdac1ca8976dfd1da92ccd7d9dd8eb,7eb2986bedd11e2b6d4985c25ed8f9528bd02ba431124cc6a69bf003bf0714a4,200,2021-02-15T10:03:23.024335,,
3532,application/vnd.ms-excel,0.845,9e811475516670a7f1da1c46472219a07e6ef387d183d49d52bbb43fcc0b2811,937e118d13655fc9c1c8dea2f307e9bdf6cd8f88e0793151f815b1c32e4ec826,200,2021-02-15T10:03:23.024335,,
1148,application/octet-stream,1.175,9f4b02fe50875efa7ed82f5205a36b98b81d66310d5ffb3987f64fe6155ed83b,bafb0a5bf75d8fc7257c8014121791f7c938e97c8b140ab0da4186581ac2b063,200,2021-02-15T10:03:23.024335,,
361,text/csv,1.144,afa0b3273bbb7e19c233af9c5dd16bbcbf4091ba69e1909e5a840e3586668f0b,4625debf30f73d5156252ce9f03a89ea60296c2578e910074aa62e26fa09057c,200,2021-02-15T10:03:23.024335,,
13175,application/vnd.ms-excel,0.817,b15edd86367e6636e0f485d4a7d538ab0512dad67b7eb1505854177d2f67a150,e8c140ee7c69173f6e6de8cb2c2fad5beb340203e435de93a485bcf548161986,200,2021-02-15T10:03:23.024335,,
6938,application/octet-stream,0.538,b16799e75361adc05a0b40f03e449374fea1c5532ec2d048aad99b33e26a6e34,c2b0b13e441a27f3e841349cede5bd015a034a95f26ecf23ced0c41df93ccd73,200,2021-02-15T10:03:23.024335,,
1958,text/csv,0.074,b3fd56e66f51e1b601085e3db5a6735cde5fe19cb5bfe4ff59937a04b547b764,246652df4c3637f7d3e7b73ee7af6299e6a8c7f3a40ddedd6dd1cac48265f6e0,200,2021-02-15T10:03:23.024335,,
12947,text/csv,0.746,b5e608b9364ce909230c24e4a3230c04bb0fb094a07c4879fcfd9c38a6a05e60,969c98b4e9472b0e945e96b62d03b1e99d137b57840140b1a745fbf9a8b74647,200,2021-02-15T10:03:23.024335,,
1813,application/octet-stream,0.395,baf92f29405c1a04cfb25818fa531d05b29ece1000067f5fee9e855e0969cc24,f837fdb379cdd6086be9d2b006cef4bdfb9f41ac65a0810cd8293499a135ebcf,200,2021-02-15T10:03:23.024335,,
385,text/csv,0.522,bc0800197b172da0af614ad9953ccffd120fd871ce7c3a92bab785f6769ab1dd,0e4e4920dae85cfbc313362b9e39b11572f165d113d949ec87d7024a5d60e881,200,2021-02-15T10:03:23.024335,,
360,text/csv,0.769,cd53aa90239d7fab29538bd27572a14ef5d617b08f5eb02f5bd4d07c787baa5b,8e763b1d86d8220c90959f43385fb89c0d66116eb817d8ea41ec4e8a01ad4211,200,2021-02-15T10:03:23.024335,,
2591,text/csv,0.716,ce072807557931174a3d22121fd8ac962008181474e5e98d67ac015c624d74ae,5271fcd3ee120860e43f9384540f0b571450a9a309312b6e2e94931757a3bb6f,200,2021-02-15T10:03:23.024335,,
3493,application/octet-stream,0.816,d0574d7dbacb8f5e91be8f7185f815a10b6d55f02491282b95784969ace63330,94926165e72223677e23186759d278b629615bfd8db0d9e65f3aeeea2b5766fd,200,2021-02-15T10:03:23.024335,,
2854,application/octet-stream,0.831,d4a0f3d0aca376b252ee34333f42c335a97c158c79278ecceb82a7da1b21979d,48fb3137be30ce173c3869f9f0278ae5a29d1b72266ce035f4e80e4739d0131a,200,2021-02-15T10:03:23.024335,,
661,application/x-zip-compressed,0.689,dcd79627acc9f6a449fb6f9dd65823bc8556e68183ec85940c46c8024dd62cf6,e9c4e3e55c016bb0c2ea0b64304f70499ea50ed6411fe5773eede0f944e62c86,200,2021-02-15T10:03:23.024335,,
2840,text/csv,0.438,e38bfe46143d42ec996fbe99add19c7ed136f2dee12c192edbc85b2211f8ce73,5e2052d196ae7f56a4bc691f63a64aad10ed6cd49e27a0d14921de30ded8f306,200,2021-02-15T10:03:23.024335,,
1208,text/html,1.595,f6a7bfb6ddfe1402e7367bc4f536d0c67e6293eddfe800cbaed76cab92b99479,,500,2021-02-15T10:03:23.024335,,
2652,application/vnd.ms-excel,0.995,f6f0f76c3e0c963b8899b552fae0ec4ee8c1c8119210faa10f238dc2bbdf08b9,31e233319b082fed11b3e2336c51d757a8a121ac7c6caf8a97f3cbe8ee411a76,200,2021-02-15T10:03:23.024335,,
